{"cameraMode":{"drawMode":0,"name":"Shaded","section":"Shading Mode"},"sceneLighting":true,"audioPlay":false,"sceneViewState":{"showFog":true,"showMaterialUpdate":false,"showSkybox":true,"showFlares":true,"showImageEffects":true,"showParticleSystems":true},"in2DMode":false,"pivot":{"x":-1.750556468963623,"y":2.9216651916503908,"z":-0.7542662620544434},"rotation":{"x":0.13595475256443025,"y":-0.4331949055194855,"z":0.06627007573843003,"w":0.8886617422103882},"size":9.441115379333496,"orthographic":false}