{"cameraMode":{"drawMode":0,"name":"Shaded","section":"Shading Mode"},"sceneLighting":true,"audioPlay":false,"sceneViewState":{"showFog":true,"showMaterialUpdate":false,"showSkybox":true,"showFlares":true,"showImageEffects":true,"showParticleSystems":true},"in2DMode":false,"pivot":{"x":-0.010932319797575474,"y":3.1228370666503908,"z":-0.738686740398407},"rotation":{"x":-0.012734447605907917,"y":-0.9855716228485107,"z":0.08475961536169052,"w":-0.14650754630565644},"size":5.3227458000183109,"orthographic":false}